[
  {
    "value": "17/18",
    "synonyms": [
      "2017",
      "2017 start",
      "immediately",
      "now",
      "september 2017",
      "starting 2017",
      "starting in 2017",
      "starting in september 2017"
    ]
  },
  {
    "value": "18/19",
    "synonyms": [
      "18/19",
      "2018",
      "next year",
      "starting  2018",
      "starting in 2018",
      "starting in september 2018",
      "starting september 2018",
      "this september",
      "this year"
    ]
  },
  {
    "value": "19/20",
    "synonyms": [
      "19/20",
      "the year after next"
    ]
  },
  {
    "value": "various",
    "synonyms": [
      "I don\u0027t know",
      "any",
      "any year",
      "anyyear",
      "dont know",
      "dont mind",
      "i dont know",
      "not sure",
      "unknown",
      "dunno"
    ]
  }
]