[
  {
    "value": "Evening",
    "synonyms": [
      "evening"
    ]
  },
  {
    "value": "Day",
    "synonyms": [
      "all day",
      "any",
      "any time",
      "day time",
      "daytime",
      "full time",
      "fulltime",
      "work hours",
      "working hours",
      "day"
    ]
  },
  {
    "value": "various",
    "synonyms": [
      "I don\u0027t know",
      "any",
      "any time",
      "anytime",
      "dont know",
      "dont mind",
      "i dont know",
      "not sure",
      "unknown",
      "dunno"
    ]
  },
  {
    "value": "Weekend",
    "synonyms": [
      "Weekend",
      "saturday",
      "sunday"
    ]
  },
  {
    "value": "Release",
    "synonyms": [
      "Release",
      "day release",
      "block release",
      "sandwich"
    ]
  }
]