[
  {
    "value": "Workplace",
    "synonyms": [
      "apprenticeship",
      "at work",
      "on the job",
      "work",
      "work base",
      "work based",
      "work place",
      "work placement",
      "workplace"
    ]
  },
  {
    "value": "Campus",
    "synonyms": [
      "campus",
      "classroom",
      "college",
      "on campus"
    ]
  },
  {
    "value": "various",
    "synonyms": [
      "I don\u0027t know",
      "any",
      "any location",
      "anylocation",
      "anyplace",
      "dont know",
      "dont mind",
      "either",
      "i dont know",
      "not sure",
      "unknown",
      "anywhere",
      "any where",
      "dunno"
    ]
  },
  {
    "value": "Online",
    "synonyms": [
      "online"
    ]
  }
]