[
  {
    "value": "Stockport",
    "synonyms": [
      "Stocky",
      "stockport"
    ]
  },
  {
    "value": "headquarters",
    "synonyms": [
      "Google HQ",
      "Google\u0027s headquarters",
      "Googleplex",
      "HQ",
      "headquarters"
    ]
  },
  {
    "value": "history",
    "synonyms": [
      "Google\u0027s history",
      "Google\u0027s past",
      "history",
      "history of Google",
      "past"
    ]
  },
  {
    "value": "various",
    "synonyms": [
      "any",
      "dont know",
      "dont mind",
      "not sure",
      "unknown"
    ]
  }
]