[
  {
    "value": "AAT",
    "synonyms": [
      "AAT"
    ]
  },
  {
    "value": "ABC",
    "synonyms": [
      "ABC"
    ]
  },
  {
    "value": "Access",
    "synonyms": [
      "Access"
    ]
  },
  {
    "value": "Access to HE Business and Professional",
    "synonyms": [
      "Access to HE Business and Professional"
    ]
  },
  {
    "value": "Access to HE Education",
    "synonyms": [
      "Access to HE Education"
    ]
  },
  {
    "value": "Access to HE Engineering",
    "synonyms": [
      "Access to HE Engineering"
    ]
  },
  {
    "value": "Access to HE Health and Social Care",
    "synonyms": [
      "Access to HE Health and Social Care"
    ]
  },
  {
    "value": "Access to HE Health and Social Care Science",
    "synonyms": [
      "Access to HE Health and Social Care Science"
    ]
  },
  {
    "value": "Access to HE Science",
    "synonyms": [
      "Access to HE Science"
    ]
  },
  {
    "value": "Accounting",
    "synonyms": [
      "Accounting"
    ]
  },
  {
    "value": "Accounting Apprenticeship",
    "synonyms": [
      "Accounting Apprenticeship"
    ]
  },
  {
    "value": "Accounting and Finance",
    "synonyms": [
      "Accounting and Finance"
    ]
  },
  {
    "value": "Accounts",
    "synonyms": [
      "Accountancy",
      "Accounts"
    ]
  },
  {
    "value": "Accounts and Finance",
    "synonyms": [
      "Accounts and Finance"
    ]
  },
  {
    "value": "Accounts and Finance Business and Professional",
    "synonyms": [
      "Accounts and Finance Business and Professional"
    ]
  },
  {
    "value": "Acting",
    "synonyms": [
      "Acting"
    ]
  },
  {
    "value": "Activity",
    "synonyms": [
      "Activity"
    ]
  },
  {
    "value": "Administration",
    "synonyms": [
      "Administration"
    ]
  },
  {
    "value": "Advanced",
    "synonyms": [
      "Advanced"
    ]
  },
  {
    "value": "Allied",
    "synonyms": [
      "Allied"
    ]
  },
  {
    "value": "Applicable",
    "synonyms": [
      "Applicable"
    ]
  },
  {
    "value": "Application",
    "synonyms": [
      "Application"
    ]
  },
  {
    "value": "Applied",
    "synonyms": [
      "Applied"
    ]
  },
  {
    "value": "Apprenticeship",
    "synonyms": [
      "Apprenticeship"
    ]
  },
  {
    "value": "Art",
    "synonyms": [
      "Art"
    ]
  },
  {
    "value": "Art and Design",
    "synonyms": [
      "Art and Design"
    ]
  },
  {
    "value": "Art and Design Media and Games Development",
    "synonyms": [
      "Art and Design Media and Games Development"
    ]
  },
  {
    "value": "Art and Design Media and Games Development Performing Arts",
    "synonyms": [
      "Art and Design Media and Games Development Performing Arts"
    ]
  },
  {
    "value": "Arts",
    "synonyms": [
      "Arts"
    ]
  },
  {
    "value": "Arts, Media and Publishing",
    "synonyms": [
      "Arts, Media and Publishing"
    ]
  },
  {
    "value": "Award",
    "synonyms": [
      "Award"
    ]
  },
  {
    "value": "BTEC",
    "synonyms": [
      "BTEC"
    ]
  },
  {
    "value": "Barbering",
    "synonyms": [
      "Barbering"
    ]
  },
  {
    "value": "Basic",
    "synonyms": [
      "Basic"
    ]
  },
  {
    "value": "Beauty",
    "synonyms": [
      "Beauty"
    ]
  },
  {
    "value": "Bricklaying",
    "synonyms": [
      "Bricklaying"
    ]
  },
  {
    "value": "Building",
    "synonyms": [
      "Building"
    ]
  },
  {
    "value": "Building and Construction",
    "synonyms": [
      "Building and Construction"
    ]
  },
  {
    "value": "Built ",
    "synonyms": [
      "Built "
    ]
  },
  {
    "value": "Business",
    "synonyms": [
      "Business"
    ]
  },
  {
    "value": "Business Management",
    "synonyms": [
      "Business Management"
    ]
  },
  {
    "value": "Business and Administration",
    "synonyms": [
      "Business and Administration"
    ]
  },
  {
    "value": "Business and Professional",
    "synonyms": [
      "Business and Professional"
    ]
  },
  {
    "value": "Business and Professional Child Devt and Wellbeing Health and Social Care",
    "synonyms": [
      "Business and Professional Child Devt and Wellbeing Health and Social Care"
    ]
  },
  {
    "value": "Business, Administration and Law",
    "synonyms": [
      "Business, Administration and Law"
    ]
  },
  {
    "value": "CACHE",
    "synonyms": [
      "CACHE"
    ]
  },
  {
    "value": "CIPD",
    "synonyms": [
      "CIPD"
    ]
  },
  {
    "value": "CIPS",
    "synonyms": [
      "CIPS"
    ]
  },
  {
    "value": "Care",
    "synonyms": [
      "Care"
    ]
  },
  {
    "value": "Caring",
    "synonyms": [
      "Caring"
    ]
  },
  {
    "value": "Carpentry",
    "synonyms": [
      "Carpentry"
    ]
  },
  {
    "value": "Catering",
    "synonyms": [
      "Catering"
    ]
  },
  {
    "value": "Catering and Professional Chefs",
    "synonyms": [
      "Catering and Professional Chefs"
    ]
  },
  {
    "value": "Certificate",
    "synonyms": [
      "Certificate"
    ]
  },
  {
    "value": "Chefs",
    "synonyms": [
      "Chefs"
    ]
  },
  {
    "value": "Child",
    "synonyms": [
      "Child"
    ]
  },
  {
    "value": "Child ",
    "synonyms": [
      "Child "
    ]
  },
  {
    "value": "Child Development and Well Being",
    "synonyms": [
      "Child Development and Well Being"
    ]
  },
  {
    "value": "Child Devt and Wellbeing",
    "synonyms": [
      "Child Devt and Wellbeing"
    ]
  },
  {
    "value": "Child Devt and Wellbeing Health and Social Care Business and Professional",
    "synonyms": [
      "Child Devt and Wellbeing Health and Social Care Business and Professional"
    ]
  },
  {
    "value": "Children",
    "synonyms": [
      "Children"
    ]
  },
  {
    "value": "Commercial ",
    "synonyms": [
      "Commercial "
    ]
  },
  {
    "value": "Comms ",
    "synonyms": [
      "Comms "
    ]
  },
  {
    "value": "Communication",
    "synonyms": [
      "Communication"
    ]
  },
  {
    "value": "Construction",
    "synonyms": [
      "Construction"
    ]
  },
  {
    "value": "Construction Building",
    "synonyms": [
      "Construction Building"
    ]
  },
  {
    "value": "Construction, Planning and the Built Environment",
    "synonyms": [
      "Construction, Planning and the Built Environment"
    ]
  },
  {
    "value": "Cookery",
    "synonyms": [
      "Cookery"
    ]
  },
  {
    "value": "Core",
    "synonyms": [
      "Core"
    ]
  },
  {
    "value": "Counselling",
    "synonyms": [
      "Counselling"
    ]
  },
  {
    "value": "Crafts",
    "synonyms": [
      "Crafts"
    ]
  },
  {
    "value": "Crafts, Creative Arts and Design",
    "synonyms": [
      "Crafts, Creative Arts and Design"
    ]
  },
  {
    "value": "Creative",
    "synonyms": [
      "Creative"
    ]
  },
  {
    "value": "Creative ",
    "synonyms": [
      "Creative "
    ]
  },
  {
    "value": "Culture",
    "synonyms": [
      "Culture"
    ]
  },
  {
    "value": "Culture ",
    "synonyms": [
      "Culture "
    ]
  },
  {
    "value": "Dance",
    "synonyms": [
      "Dance"
    ]
  },
  {
    "value": "Decorating",
    "synonyms": [
      "Decorating"
    ]
  },
  {
    "value": "Design",
    "synonyms": [
      "Design"
    ]
  },
  {
    "value": "Development",
    "synonyms": [
      "Development"
    ]
  },
  {
    "value": "Devt ",
    "synonyms": [
      "Devt "
    ]
  },
  {
    "value": "Digital",
    "synonyms": [
      "Digital"
    ]
  },
  {
    "value": "Diploma",
    "synonyms": [
      "Diploma"
    ]
  },
  {
    "value": "Direct ",
    "synonyms": [
      "Direct "
    ]
  },
  {
    "value": "Direct Learning Support",
    "synonyms": [
      "Direct Learning Support"
    ]
  },
  {
    "value": "EAL",
    "synonyms": [
      "EAL"
    ]
  },
  {
    "value": "ESOL",
    "synonyms": [
      "ESOL"
    ]
  },
  {
    "value": "ESOL ",
    "synonyms": [
      "ESOL "
    ]
  },
  {
    "value": "ESOL  English for Speakers of Other Languages ",
    "synonyms": [
      "ESOL  English for Speakers of Other Languages "
    ]
  },
  {
    "value": "Early",
    "synonyms": [
      "Early"
    ]
  },
  {
    "value": "Education",
    "synonyms": [
      "Education"
    ]
  },
  {
    "value": "Education and Training",
    "synonyms": [
      "Education and Training"
    ]
  },
  {
    "value": "Educator",
    "synonyms": [
      "Educator"
    ]
  },
  {
    "value": "Electronics",
    "synonyms": [
      "Electronics"
    ]
  },
  {
    "value": "Employability",
    "synonyms": [
      "Employability"
    ]
  },
  {
    "value": "Engineering",
    "synonyms": [
      "Engineering"
    ]
  },
  {
    "value": "Engineering Manufacture  Operator and Semi-Skilled ",
    "synonyms": [
      "Engineering Manufacture  Operator and Semi-Skilled "
    ]
  },
  {
    "value": "Engineering and Manufacturing Technologies",
    "synonyms": [
      "Engineering and Manufacturing Technologies"
    ]
  },
  {
    "value": "English",
    "synonyms": [
      "English"
    ]
  },
  {
    "value": "English ",
    "synonyms": [
      "English "
    ]
  },
  {
    "value": "Enterprise",
    "synonyms": [
      "Enterprise"
    ]
  },
  {
    "value": "Enterprises",
    "synonyms": [
      "Enterprises"
    ]
  },
  {
    "value": "Entry",
    "synonyms": [
      "Entry"
    ]
  },
  {
    "value": "Environment",
    "synonyms": [
      "Environment"
    ]
  },
  {
    "value": "Exercise",
    "synonyms": [
      "Exercise"
    ]
  },
  {
    "value": "Exploring",
    "synonyms": [
      "Exploring"
    ]
  },
  {
    "value": "Extended",
    "synonyms": [
      "Extended"
    ]
  },
  {
    "value": "Fashion",
    "synonyms": [
      "Fashion"
    ]
  },
  {
    "value": "Film",
    "synonyms": [
      "Film"
    ]
  },
  {
    "value": "Finance",
    "synonyms": [
      "Finance"
    ]
  },
  {
    "value": "First",
    "synonyms": [
      "First"
    ]
  },
  {
    "value": "Fitness",
    "synonyms": [
      "Fitness"
    ]
  },
  {
    "value": "Foundation",
    "synonyms": [
      "Foundation"
    ]
  },
  {
    "value": "Foundation ",
    "synonyms": [
      "Foundation "
    ]
  },
  {
    "value": "Foundation Learning",
    "synonyms": [
      "Foundation Learning"
    ]
  },
  {
    "value": "Foundation Learning ",
    "synonyms": [
      "Foundation Learning "
    ]
  },
  {
    "value": "Games",
    "synonyms": [
      "Games"
    ]
  },
  {
    "value": "Games ",
    "synonyms": [
      "Games "
    ]
  },
  {
    "value": "HE",
    "synonyms": [
      "HE"
    ]
  },
  {
    "value": "Hair",
    "synonyms": [
      "Hair"
    ]
  },
  {
    "value": "Hair ",
    "synonyms": [
      "Hair "
    ]
  },
  {
    "value": "Hair and Beauty",
    "synonyms": [
      "Hair and Beauty"
    ]
  },
  {
    "value": "Hair and Beauty Media Make-Up",
    "synonyms": [
      "Hair and Beauty Media Make-Up"
    ]
  },
  {
    "value": "Hairdressing",
    "synonyms": [
      "Hairdressing"
    ]
  },
  {
    "value": "Health",
    "synonyms": [
      "Health"
    ]
  },
  {
    "value": "Health and Social Care",
    "synonyms": [
      "Health and Social Care"
    ]
  },
  {
    "value": "Health, Public Services and Care",
    "synonyms": [
      "Health, Public Services and Care"
    ]
  },
  {
    "value": "Heating",
    "synonyms": [
      "Heating"
    ]
  },
  {
    "value": "Higher",
    "synonyms": [
      "Higher"
    ]
  },
  {
    "value": "Hospitality",
    "synonyms": [
      "Hospitality"
    ]
  },
  {
    "value": "Hospitality ",
    "synonyms": [
      "Hospitality "
    ]
  },
  {
    "value": "Hospitality and Catering",
    "synonyms": [
      "Hospitality and Catering"
    ]
  },
  {
    "value": "Human",
    "synonyms": [
      "Human"
    ]
  },
  {
    "value": "ICT ",
    "synonyms": [
      "ICT "
    ]
  },
  {
    "value": "ICT Practitioners",
    "synonyms": [
      "ICT Practitioners"
    ]
  },
  {
    "value": "IMI",
    "synonyms": [
      "IMI"
    ]
  },
  {
    "value": "IT",
    "synonyms": [
      "IT"
    ]
  },
  {
    "value": "IT ",
    "synonyms": [
      "IT "
    ]
  },
  {
    "value": "IT Application Specialist",
    "synonyms": [
      "IT Application Specialist"
    ]
  },
  {
    "value": "IT and Comms Technology",
    "synonyms": [
      "IT and Comms Technology"
    ]
  },
  {
    "value": "ITEC",
    "synonyms": [
      "ITEC"
    ]
  },
  {
    "value": "Improving ",
    "synonyms": [
      "Improving "
    ]
  },
  {
    "value": "Improving Operational Performance",
    "synonyms": [
      "Improving Operational Performance"
    ]
  },
  {
    "value": "Information",
    "synonyms": [
      "Information"
    ]
  },
  {
    "value": "Information ",
    "synonyms": [
      "Information "
    ]
  },
  {
    "value": "Information and Communication Technology",
    "synonyms": [
      "Information and Communication Technology"
    ]
  },
  {
    "value": "Instruction",
    "synonyms": [
      "Instruction"
    ]
  },
  {
    "value": "Introduction",
    "synonyms": [
      "Introduction"
    ]
  },
  {
    "value": "Isles",
    "synonyms": [
      "Isles"
    ]
  },
  {
    "value": "Joinery",
    "synonyms": [
      "Joinery"
    ]
  },
  {
    "value": "Languages",
    "synonyms": [
      "Languages"
    ]
  },
  {
    "value": "Languages, Literature and Culture",
    "synonyms": [
      "Languages, Literature and Culture"
    ]
  },
  {
    "value": "Languages, Literature and Culture of the British Isles",
    "synonyms": [
      "Languages, Literature and Culture of the British Isles"
    ]
  },
  {
    "value": "Law",
    "synonyms": [
      "Law"
    ]
  },
  {
    "value": "Leadership",
    "synonyms": [
      "Leadership"
    ]
  },
  {
    "value": "Learning",
    "synonyms": [
      "Learning"
    ]
  },
  {
    "value": "Lecturing",
    "synonyms": [
      "Lecturing"
    ]
  },
  {
    "value": "Leisure",
    "synonyms": [
      "Leisure"
    ]
  },
  {
    "value": "Leisure, Travel and Tourism",
    "synonyms": [
      "Leisure, Travel and Tourism"
    ]
  },
  {
    "value": "Life ",
    "synonyms": [
      "Life "
    ]
  },
  {
    "value": "Light",
    "synonyms": [
      "Light"
    ]
  },
  {
    "value": "Literature ",
    "synonyms": [
      "Literature "
    ]
  },
  {
    "value": "London",
    "synonyms": [
      "London"
    ]
  },
  {
    "value": "Maintenance",
    "synonyms": [
      "Maintenance"
    ]
  },
  {
    "value": "Make",
    "synonyms": [
      "Make"
    ]
  },
  {
    "value": "Make Up",
    "synonyms": [
      "Make Up"
    ]
  },
  {
    "value": "Management",
    "synonyms": [
      "Management"
    ]
  },
  {
    "value": "Manicure",
    "synonyms": [
      "Manicure"
    ]
  },
  {
    "value": "Manufacture ",
    "synonyms": [
      "Manufacture "
    ]
  },
  {
    "value": "Manufacturing ",
    "synonyms": [
      "Manufacturing "
    ]
  },
  {
    "value": "Marketing",
    "synonyms": [
      "Marketing"
    ]
  },
  {
    "value": "Mathematics",
    "synonyms": [
      "Mathematics"
    ]
  },
  {
    "value": "Mathematics and Statistics",
    "synonyms": [
      "Mathematics and Statistics"
    ]
  },
  {
    "value": "Maths",
    "synonyms": [
      "Maths"
    ]
  },
  {
    "value": "Mechanical",
    "synonyms": [
      "Mechanical"
    ]
  },
  {
    "value": "Media",
    "synonyms": [
      "Media"
    ]
  },
  {
    "value": "Media ",
    "synonyms": [
      "Media "
    ]
  },
  {
    "value": "Media Make-Up",
    "synonyms": [
      "Media Make-Up"
    ]
  },
  {
    "value": "Media and Communication",
    "synonyms": [
      "Media and Communication"
    ]
  },
  {
    "value": "Media and Games Development",
    "synonyms": [
      "Media and Games Development"
    ]
  },
  {
    "value": "Medicine",
    "synonyms": [
      "Medicine"
    ]
  },
  {
    "value": "Midwifery",
    "synonyms": [
      "Midwifery"
    ]
  },
  {
    "value": "Motor ",
    "synonyms": [
      "Motor "
    ]
  },
  {
    "value": "Motor Vehicle",
    "synonyms": [
      "Motor Vehicle"
    ]
  },
  {
    "value": "Multi",
    "synonyms": [
      "Multi"
    ]
  },
  {
    "value": "Multicrafts",
    "synonyms": [
      "Multicrafts"
    ]
  },
  {
    "value": "NCFE",
    "synonyms": [
      "NCFE"
    ]
  },
  {
    "value": "NVQ",
    "synonyms": [
      "NVQ"
    ]
  },
  {
    "value": "Nail",
    "synonyms": [
      "Nail"
    ]
  },
  {
    "value": "National",
    "synonyms": [
      "National"
    ]
  },
  {
    "value": "Not Applicable",
    "synonyms": [
      "Not Applicable"
    ]
  },
  {
    "value": "Nursing",
    "synonyms": [
      "Nursing"
    ]
  },
  {
    "value": "Nursing and Subjects and Vocations Allied to Medicine",
    "synonyms": [
      "Nursing and Subjects and Vocations Allied to Medicine"
    ]
  },
  {
    "value": "Operations",
    "synonyms": [
      "Operations"
    ]
  },
  {
    "value": "Other",
    "synonyms": [
      "Other"
    ]
  },
  {
    "value": "Painting",
    "synonyms": [
      "Painting"
    ]
  },
  {
    "value": "Pathway",
    "synonyms": [
      "Pathway"
    ]
  },
  {
    "value": "Pedicure",
    "synonyms": [
      "Pedicure"
    ]
  },
  {
    "value": "Performing",
    "synonyms": [
      "Performing"
    ]
  },
  {
    "value": "Performing Arts",
    "synonyms": [
      "Performing Arts"
    ]
  },
  {
    "value": "Personal",
    "synonyms": [
      "Personal"
    ]
  },
  {
    "value": "Plastering",
    "synonyms": [
      "Plastering"
    ]
  },
  {
    "value": "Plumbing",
    "synonyms": [
      "Plumbing"
    ]
  },
  {
    "value": "Plumbing and Heating",
    "synonyms": [
      "Plumbing and Heating"
    ]
  },
  {
    "value": "Practice",
    "synonyms": [
      "Practice"
    ]
  },
  {
    "value": "Preparation for Life and Work",
    "synonyms": [
      "Preparation for Life and Work"
    ]
  },
  {
    "value": "Preparation for Work",
    "synonyms": [
      "Preparation for Work"
    ]
  },
  {
    "value": "Principles",
    "synonyms": [
      "Principles"
    ]
  },
  {
    "value": "Procurement",
    "synonyms": [
      "Procurement"
    ]
  },
  {
    "value": "Production",
    "synonyms": [
      "Production"
    ]
  },
  {
    "value": "Professional",
    "synonyms": [
      "Professional"
    ]
  },
  {
    "value": "Qualification",
    "synonyms": [
      "Qualification"
    ]
  },
  {
    "value": "Radio",
    "synonyms": [
      "Radio"
    ]
  },
  {
    "value": "Repair",
    "synonyms": [
      "Repair"
    ]
  },
  {
    "value": "Resources",
    "synonyms": [
      "Resources"
    ]
  },
  {
    "value": "Retail and Commercial Enterprise",
    "synonyms": [
      "Retail and Commercial Enterprise"
    ]
  },
  {
    "value": "Science",
    "synonyms": [
      "Science"
    ]
  },
  {
    "value": "Science and Mathematics",
    "synonyms": [
      "Science and Mathematics"
    ]
  },
  {
    "value": "Sectors",
    "synonyms": [
      "Sectors"
    ]
  },
  {
    "value": "Service Enterprises",
    "synonyms": [
      "Service Enterprises"
    ]
  },
  {
    "value": "Services",
    "synonyms": [
      "Services"
    ]
  },
  {
    "value": "Site",
    "synonyms": [
      "Site"
    ]
  },
  {
    "value": "Skills",
    "synonyms": [
      "Skills"
    ]
  },
  {
    "value": "Social",
    "synonyms": [
      "Social"
    ]
  },
  {
    "value": "Social Sciences",
    "synonyms": [
      "Social Sciences"
    ]
  },
  {
    "value": "Speakers",
    "synonyms": [
      "Speakers"
    ]
  },
  {
    "value": "Specialists",
    "synonyms": [
      "Specialists"
    ]
  },
  {
    "value": "Sport \u0026 Leisure",
    "synonyms": [
      "Sport \u0026 Leisure"
    ]
  },
  {
    "value": "Sport, Leisure and Recreation",
    "synonyms": [
      "Sport, Leisure and Recreation"
    ]
  },
  {
    "value": "Studies",
    "synonyms": [
      "Studies"
    ]
  },
  {
    "value": "Supply",
    "synonyms": [
      "Supply"
    ]
  },
  {
    "value": "Teaching and Lecturing",
    "synonyms": [
      "Teaching and Lecturing"
    ]
  },
  {
    "value": "Technical",
    "synonyms": [
      "Technical"
    ]
  },
  {
    "value": "Technologies",
    "synonyms": [
      "Technologies"
    ]
  },
  {
    "value": "Technology",
    "synonyms": [
      "Technology"
    ]
  },
  {
    "value": "Television",
    "synonyms": [
      "Television"
    ]
  },
  {
    "value": "Theatre",
    "synonyms": [
      "Theatre"
    ]
  },
  {
    "value": "Theatrical",
    "synonyms": [
      "Theatrical"
    ]
  },
  {
    "value": "Therapy",
    "synonyms": [
      "Therapy"
    ]
  },
  {
    "value": "Title",
    "synonyms": [
      "Title"
    ]
  },
  {
    "value": "Top",
    "synonyms": [
      "Top"
    ]
  },
  {
    "value": "Training",
    "synonyms": [
      "Training"
    ]
  },
  {
    "value": "Transport",
    "synonyms": [
      "Transport"
    ]
  },
  {
    "value": "Transportation Operations and Maintenance",
    "synonyms": [
      "Transportation Operations and Maintenance"
    ]
  },
  {
    "value": "Treatments",
    "synonyms": [
      "Treatments"
    ]
  },
  {
    "value": "UAL",
    "synonyms": [
      "UAL"
    ]
  },
  {
    "value": "University",
    "synonyms": [
      "University"
    ]
  },
  {
    "value": "VRQ",
    "synonyms": [
      "VRQ"
    ]
  },
  {
    "value": "VTCT",
    "synonyms": [
      "VTCT"
    ]
  },
  {
    "value": "Vehicle",
    "synonyms": [
      "Vehicle"
    ]
  },
  {
    "value": "Vehicle Maintenance \u0026 Repair",
    "synonyms": [
      "Vehicle Maintenance \u0026 Repair"
    ]
  },
  {
    "value": "Women",
    "synonyms": [
      "Women"
    ]
  },
  {
    "value": "retail",
    "synonyms": [
      "retail"
    ]
  },
  {
    "value": "various",
    "synonyms": [
      "any",
      "dont know",
      "dont mind",
      "not sure",
      "unknown",
      "anything",
      "any thing",
      "dunno"
    ]
  },
  {
    "value": "Dummy",
    "synonyms": [
      "Dummy"
    ]
  }
]