[
  {
    "value": "cost",
    "synonyms": [
      "cost"
    ]
  },
  {
    "value": "employer",
    "synonyms": [
      "employer",
      "job",
      "work"
    ]
  },
  {
    "value": "government",
    "synonyms": [
      "college",
      "funding agency",
      "government"
    ]
  },
  {
    "value": "learner",
    "synonyms": [
      "learner",
      "myself",
      "parent",
      "self",
      "student"
    ]
  },
  {
    "value": "various",
    "synonyms": [
      "I don\u0027t know",
      "dont know",
      "dont mind",
      "i dont know",
      "not sure",
      "unknown"
    ]
  }
]