[
  {
    "value": "1",
    "synonyms": [
      "Level1",
      "Level1ESOL",
      "Level1award",
      "Level1certificate",
      "Level1diploma",
      "Level1essentialsSkills",
      "Level1functionalSkills",
      "Level1nationalvocationalqualification",
      "NVQ",
      "firstCertificate",
      "musicgrade1",
      "musicgrade2",
      "musicgrade3"
    ]
  },
  {
    "value": "2",
    "synonyms": [
      "CSE",
      "GCSE",
      "Level2",
      "Level2ESOL",
      "Level2NVQ",
      "Level2award",
      "Level2certificate",
      "Level2diploma",
      "Level2essentialSkills",
      "Level2functionalSkills",
      "Level2nationalCertificate",
      "Level2nationalDiploma",
      "OLevel",
      "intermediateApprenticeship",
      "musicGrade4",
      "musicGrade5",
      "musicgrade3"
    ]
  },
  {
    "value": "2",
    "synonyms": [
      "2"
    ]
  },
  {
    "value": "3",
    "synonyms": [
      "ASLevel",
      "Alevel",
      "Level3",
      "Level3ESOL",
      "Level3NVQ",
      "Level3NationalCertificate",
      "Level3NationalDiploma",
      "Level3award",
      "Level3certificate",
      "Level3diploma",
      "OLevel",
      "accessToHigherEducationDiploma",
      "advancedApprenticeship",
      "appliedGeneral",
      "internationalBaccalaureateDiploma",
      "musicGrade6",
      "musicGrade7",
      "musicGrade8",
      "techLevel"
    ]
  },
  {
    "value": "4",
    "synonyms": [
      "CertHE",
      "HNC",
      "Level4",
      "Level4NVQ",
      "Level4award",
      "Level4certificate",
      "Level4diploma",
      "Level5",
      "certificateOfHigherEducation",
      "higherApprenticeship",
      "higherNationalCertificate",
      "techLevel"
    ]
  },
  {
    "value": "5",
    "synonyms": [
      "DipHE",
      "HND",
      "Level5",
      "Level5Award",
      "Level5Certificate",
      "Level5Diploma",
      "Level5NVQ",
      "Level6",
      "degreeApprenticeship",
      "diplomaOfHigherEducation",
      "foundationDegree",
      "higherNationalDiploma"
    ]
  },
  {
    "value": "6",
    "synonyms": [
      "BAHons",
      "BScHons",
      "Level6",
      "Level6NVQ",
      "Level6award",
      "Level6certificate",
      "Level6diploma",
      "Level7",
      "bachelorOfScience",
      "bachelorOfTheArts",
      "degreeApprenticeship",
      "degreeWithHonours",
      "graduateCertificate",
      "graduateDiploma",
      "ordinaryDegree"
    ]
  },
  {
    "value": "7",
    "synonyms": [
      "Level7",
      "Level7NVQ",
      "Level7award",
      "Level7certificate",
      "Level7diploma",
      "PGCE",
      "mastersDegree",
      "postgraduateCertificate",
      "postgraduateCertificateInEducation",
      "postgraduateDiploma"
    ]
  },
  {
    "value": "8",
    "synonyms": [
      "Level8",
      "Level8award",
      "Level8certificate",
      "Level8diploma",
      "doctorOf",
      "doctorate"
    ]
  },
  {
    "value": "Entry",
    "synonyms": [
      "ELC",
      "ESOL",
      "EntryLevel",
      "SkillsforLife",
      "entryLevelAward",
      "entryLevelCertificate",
      "entryLevelDiploma",
      "entryLevelEnglishForSpeakersOfOtherLanguages",
      "entryLevelEssentialSkills",
      "entryLevelFunctionalSkills"
    ]
  },
  {
    "value": "degree",
    "synonyms": [
      "degree"
    ]
  },
  {
    "value": "various",
    "synonyms": [
      "I don\u0027t know",
      "any",
      "any level",
      "anylevel",
      "anything",
      "dont know",
      "dont mind",
      "i dont know",
      "not sure",
      "unknown",
      "whatever",
      "dunno"
    ]
  }
]