[
  {
    "value": "0",
    "synonyms": [
      "0",
      "less than 1",
      "none",
      "quick",
      "short",
      "short course",
      "taster"
    ]
  },
  {
    "value": "1",
    "synonyms": [
      "1"
    ]
  },
  {
    "value": "2",
    "synonyms": [
      "2"
    ]
  },
  {
    "value": "3",
    "synonyms": [
      "3"
    ]
  },
  {
    "value": "4",
    "synonyms": [
      "4"
    ]
  },
  {
    "value": "5",
    "synonyms": [
      "5"
    ]
  },
  {
    "value": "6",
    "synonyms": [
      "6"
    ]
  },
  {
    "value": "various",
    "synonyms": [
      "I don\u0027t know",
      "any",
      "anyduration",
      "dont know",
      "dont mind",
      "i dont know",
      "not sure",
      "unknown"
    ]
  }
]