[
  {
    "id": "861d6dc4-cbe9-49b6-8574-0a7a6df38782",
    "data": [
      {
        "text": "what do i do",
        "userDefined": false
      }
    ],
    "isTemplate": false,
    "count": 0,
    "lang": "en",
    "updated": 0
  },
  {
    "id": "c10eae7b-3d64-4e32-8003-6082d6b3e0fb",
    "data": [
      {
        "text": "i ",
        "userDefined": false
      },
      {
        "text": "dont",
        "userDefined": false
      },
      {
        "text": " understand",
        "userDefined": false
      }
    ],
    "isTemplate": false,
    "count": 0,
    "lang": "en",
    "updated": 0
  },
  {
    "id": "58cdcdd5-90cd-4f79-baf1-f413d5fb348b",
    "data": [
      {
        "text": "help",
        "userDefined": false
      }
    ],
    "isTemplate": false,
    "count": 0,
    "lang": "en",
    "updated": 0
  }
]