[
  {
    "id": "b5b366c8-ab89-4399-b903-1038685798b8",
    "data": [
      {
        "text": "human",
        "userDefined": false
      }
    ],
    "isTemplate": false,
    "count": 0,
    "lang": "en",
    "updated": 0
  },
  {
    "id": "94b6ad2f-231b-4a91-945e-6b7e3189daef",
    "data": [
      {
        "text": "h",
        "userDefined": false
      }
    ],
    "isTemplate": false,
    "count": 0,
    "lang": "en",
    "updated": 0
  },
  {
    "id": "ddead1e3-82af-4c85-ac8a-78e36c995d63",
    "data": [
      {
        "text": "i want to talk to someone",
        "userDefined": false
      }
    ],
    "isTemplate": false,
    "count": 0,
    "lang": "en",
    "updated": 0
  },
  {
    "id": "01b9a1c7-1e4a-475a-be78-940a39261c5b",
    "data": [
      {
        "text": "can i speak to someone",
        "userDefined": false
      }
    ],
    "isTemplate": false,
    "count": 0,
    "lang": "en",
    "updated": 0
  },
  {
    "id": "db90a840-850c-4c3c-a244-5ad7c230eace",
    "data": [
      {
        "text": "please can i talk to someone ",
        "userDefined": false
      },
      {
        "text": "human",
        "userDefined": false
      }
    ],
    "isTemplate": false,
    "count": 0,
    "lang": "en",
    "updated": 0
  },
  {
    "id": "51fd14a7-e20f-43b9-aed9-a2282a8d5c0c",
    "data": [
      {
        "text": "please can i speak to a ",
        "userDefined": false
      },
      {
        "text": "human",
        "userDefined": false
      }
    ],
    "isTemplate": false,
    "count": 0,
    "lang": "en",
    "updated": 0
  },
  {
    "id": "34e474c0-5d6e-4f52-90d4-3852f76525f7",
    "data": [
      {
        "text": "please can i  talk to a ",
        "userDefined": false
      },
      {
        "text": "human",
        "userDefined": false
      }
    ],
    "isTemplate": false,
    "count": 0,
    "lang": "en",
    "updated": 0
  },
  {
    "id": "4767a13f-88eb-46d6-aa2a-13356d8dffd2",
    "data": [
      {
        "text": "i want to speak to a ",
        "userDefined": false
      },
      {
        "text": "human",
        "userDefined": false
      }
    ],
    "isTemplate": false,
    "count": 0,
    "lang": "en",
    "updated": 0
  },
  {
    "id": "54c50248-6a14-48d8-8236-0571080e2432",
    "data": [
      {
        "text": "i want to talk to a ",
        "userDefined": false
      },
      {
        "text": "human",
        "userDefined": false
      }
    ],
    "isTemplate": false,
    "count": 0,
    "lang": "en",
    "updated": 0
  },
  {
    "id": "cb82ae0a-da8b-47cf-b70a-31ff20a6f911",
    "data": [
      {
        "text": "person",
        "userDefined": false
      }
    ],
    "isTemplate": false,
    "count": 1,
    "lang": "en",
    "updated": 0
  }
]