[
  {
    "id": "75d0ad1e-85dd-4787-9484-ec75a4f72a2f",
    "data": [
      {
        "text": "goaway",
        "userDefined": false
      }
    ],
    "isTemplate": false,
    "count": 0,
    "lang": "en",
    "updated": 0
  },
  {
    "id": "34e471e0-6bde-4145-bb12-3ae0a2c9fafc",
    "data": [
      {
        "text": "go away",
        "userDefined": false
      }
    ],
    "isTemplate": false,
    "count": 0,
    "lang": "en",
    "updated": 0
  },
  {
    "id": "b3cd836f-bf25-469b-9cce-3b2ed7a83e86",
    "data": [
      {
        "text": "off",
        "userDefined": false
      }
    ],
    "isTemplate": false,
    "count": 0,
    "lang": "en",
    "updated": 0
  },
  {
    "id": "f5cf3898-b841-4495-99ee-07a386da2c1c",
    "data": [
      {
        "text": "I don\u0027t want to hear any more",
        "userDefined": false
      }
    ],
    "isTemplate": false,
    "count": 0,
    "lang": "en",
    "updated": 0
  },
  {
    "id": "fe440507-d686-41e1-86cf-11e6bdf50f93",
    "data": [
      {
        "text": "No",
        "userDefined": false
      }
    ],
    "isTemplate": false,
    "count": 0,
    "lang": "en",
    "updated": 0
  },
  {
    "id": "c60d8eed-5c4c-42e5-b41d-fff67a5df771",
    "data": [
      {
        "text": "Nevermind",
        "userDefined": false
      }
    ],
    "isTemplate": false,
    "count": 0,
    "lang": "en",
    "updated": 0
  },
  {
    "id": "d9eac1f8-fed3-4639-9aa7-408de11ad915",
    "data": [
      {
        "text": "I\u0027m done now",
        "userDefined": false
      }
    ],
    "isTemplate": false,
    "count": 0,
    "lang": "en",
    "updated": 0
  },
  {
    "id": "1cf34213-a3df-4aab-8190-5bbd22558912",
    "data": [
      {
        "text": "Bye",
        "userDefined": false
      }
    ],
    "isTemplate": false,
    "count": 0,
    "lang": "en",
    "updated": 0
  },
  {
    "id": "d8544bc3-1e1f-47b9-b4b8-e278b90c0f9b",
    "data": [
      {
        "text": "Quit",
        "userDefined": false
      }
    ],
    "isTemplate": false,
    "count": 0,
    "lang": "en",
    "updated": 0
  },
  {
    "id": "b1eaf48c-df04-4853-a03b-615ae1cff1b0",
    "data": [
      {
        "text": "Thanks",
        "userDefined": false
      }
    ],
    "isTemplate": false,
    "count": 0,
    "lang": "en",
    "updated": 0
  }
]