[
  {
    "id": "a7f82750-5491-4da2-88a6-c0c3f01a748a",
    "data": [
      {
        "text": "cant come in",
        "userDefined": false
      }
    ],
    "isTemplate": false,
    "count": 0,
    "lang": "en",
    "updated": 0
  },
  {
    "id": "910c43dc-9177-4afd-a8e6-ecc36d20b107",
    "data": [
      {
        "text": "miss class",
        "userDefined": false
      }
    ],
    "isTemplate": false,
    "count": 0,
    "lang": "en",
    "updated": 0
  },
  {
    "id": "6517dae0-cc3d-46d5-85cb-810b434d3321",
    "data": [
      {
        "text": "absent",
        "userDefined": false
      }
    ],
    "isTemplate": false,
    "count": 0,
    "lang": "en",
    "updated": 0
  },
  {
    "id": "7d1771f4-9c49-44bd-8f88-8526b204a6f9",
    "data": [
      {
        "text": "sick",
        "userDefined": false
      }
    ],
    "isTemplate": false,
    "count": 0,
    "lang": "en",
    "updated": 0
  },
  {
    "id": "db2b64e8-edc9-4f09-8202-5daa3c499b35",
    "data": [
      {
        "text": "not coming in",
        "userDefined": false
      }
    ],
    "isTemplate": false,
    "count": 0,
    "lang": "en",
    "updated": 0
  }
]