[
  {
    "id": "419f3a1f-7c4c-430f-9f62-8bf6d35b2824",
    "data": [
      {
        "text": "find ",
        "userDefined": false
      },
      {
        "text": "any",
        "meta": "@Industry",
        "alias": "Industry",
        "userDefined": true
      },
      {
        "text": " ",
        "userDefined": false
      },
      {
        "text": "college",
        "meta": "@DeliveryLocation",
        "alias": "DeliveryLocation",
        "userDefined": true
      },
      {
        "text": " ",
        "userDefined": false
      },
      {
        "text": "evening",
        "meta": "@ClassTime",
        "alias": "ClassTime",
        "userDefined": true
      },
      {
        "text": " courses ",
        "userDefined": false
      },
      {
        "text": "any",
        "meta": "@QualificationLevel",
        "alias": "QualificationLevel",
        "userDefined": true
      },
      {
        "text": " level in ",
        "userDefined": false
      },
      {
        "text": "Leeds",
        "meta": "@sys.geo-city",
        "alias": "LearnerLocation",
        "userDefined": true
      },
      {
        "text": " and email to ",
        "userDefined": false
      },
      {
        "text": "pdscwork@gmail.com",
        "userDefined": true
      }
    ],
    "isTemplate": false,
    "count": 0,
    "lang": "en",
    "updated": 0
  },
  {
    "id": "a1b238f0-93d5-4d27-a752-118ee113cad3",
    "data": [
      {
        "text": "yeah",
        "userDefined": false
      }
    ],
    "isTemplate": false,
    "count": 0,
    "lang": "en",
    "updated": 0
  },
  {
    "id": "08a4e0e5-cd37-45a5-89e1-74e9c7e83dee",
    "data": [
      {
        "text": "fine",
        "userDefined": false
      }
    ],
    "isTemplate": false,
    "count": 0,
    "lang": "en",
    "updated": 0
  },
  {
    "id": "56939aaa-15ea-4f02-8989-2ce9aeca20f0",
    "data": [
      {
        "text": "sure",
        "userDefined": false
      }
    ],
    "isTemplate": false,
    "count": 0,
    "lang": "en",
    "updated": 0
  },
  {
    "id": "11703db4-6ae5-4de9-934c-05e6290a7e04",
    "data": [
      {
        "text": "great",
        "userDefined": false
      }
    ],
    "isTemplate": false,
    "count": 0,
    "lang": "en",
    "updated": 0
  },
  {
    "id": "b4b13806-5f51-4345-9be1-83c9f89c9e3f",
    "data": [
      {
        "text": "yep",
        "userDefined": false
      }
    ],
    "isTemplate": false,
    "count": 0,
    "lang": "en",
    "updated": 0
  },
  {
    "id": "94c71f23-d114-4d3d-9e1c-23976f6a31b3",
    "data": [
      {
        "text": "ok",
        "userDefined": false
      }
    ],
    "isTemplate": false,
    "count": 0,
    "lang": "en",
    "updated": 0
  },
  {
    "id": "16412c35-3484-4e4b-a6e1-3be10e5e9bd7",
    "data": [
      {
        "text": "yes",
        "userDefined": false
      }
    ],
    "isTemplate": false,
    "count": 0,
    "lang": "en",
    "updated": 0
  },
  {
    "id": "fde62ce9-bb2a-4a9d-9446-936eb00793d6",
    "data": [
      {
        "text": "find ",
        "userDefined": false
      },
      {
        "text": "plumbing",
        "meta": "@Industry",
        "alias": "Industry",
        "userDefined": true
      },
      {
        "text": " ",
        "userDefined": false
      },
      {
        "text": "college",
        "meta": "@DeliveryLocation",
        "alias": "DeliveryLocation",
        "userDefined": true
      },
      {
        "text": " ",
        "userDefined": false
      },
      {
        "text": "evening",
        "meta": "@ClassTime",
        "alias": "ClassTime",
        "userDefined": true
      },
      {
        "text": " courses ",
        "userDefined": false
      },
      {
        "text": "any",
        "meta": "@QualificationLevel",
        "alias": "QualificationLevel",
        "userDefined": true
      },
      {
        "text": " level in ",
        "userDefined": false
      },
      {
        "text": "manchester",
        "meta": "@sys.geo-city",
        "alias": "LearnerLocation",
        "userDefined": true
      }
    ],
    "isTemplate": false,
    "count": 0,
    "lang": "en",
    "updated": 0
  },
  {
    "id": "3b7927ff-6e23-43a1-95ff-30d901586cbe",
    "data": [
      {
        "text": "find ",
        "userDefined": false
      },
      {
        "text": "accounting",
        "meta": "@Industry",
        "alias": "Industry",
        "userDefined": false
      },
      {
        "text": " ",
        "userDefined": false
      },
      {
        "text": "degrees",
        "meta": "@QualificationLevel",
        "alias": "QualificationLevel",
        "userDefined": false
      }
    ],
    "isTemplate": false,
    "count": 0,
    "lang": "en",
    "updated": 0
  },
  {
    "id": "3360e264-ebda-40a2-8923-e1bba5073a25",
    "data": [
      {
        "text": "find ",
        "userDefined": false
      },
      {
        "text": "evening",
        "meta": "@ClassTime",
        "alias": "ClassTime",
        "userDefined": false
      },
      {
        "text": " ",
        "userDefined": false
      },
      {
        "text": "courses",
        "userDefined": false
      }
    ],
    "isTemplate": false,
    "count": 0,
    "lang": "en",
    "updated": 0
  },
  {
    "id": "d45d40d5-6c6b-4545-b7c4-3db98a3fafac",
    "data": [
      {
        "text": "find ",
        "userDefined": false
      },
      {
        "text": "1 year",
        "userDefined": true
      },
      {
        "text": " courses",
        "userDefined": false
      }
    ],
    "isTemplate": false,
    "count": 0,
    "lang": "en",
    "updated": 0
  },
  {
    "id": "67d046a3-2044-460f-ae00-bb7373182c73",
    "data": [
      {
        "text": "can i do ",
        "userDefined": false
      },
      {
        "text": "accounting",
        "meta": "@Industry",
        "alias": "Industry",
        "userDefined": true
      }
    ],
    "isTemplate": false,
    "count": 0,
    "lang": "en",
    "updated": 0
  },
  {
    "id": "bc33a2cd-eb83-4b67-ba8e-0b46c5a2e796",
    "data": [
      {
        "text": "find ",
        "userDefined": false
      },
      {
        "text": "apprenticeship",
        "meta": "@DeliveryLocation",
        "alias": "DeliveryLocation",
        "userDefined": true
      },
      {
        "text": " courses",
        "userDefined": false
      }
    ],
    "isTemplate": false,
    "count": 0,
    "lang": "en",
    "updated": 0
  },
  {
    "id": "53759e90-a09b-4ed7-8d57-3a64f3abee26",
    "data": [
      {
        "text": "find ",
        "userDefined": false
      },
      {
        "text": "any",
        "meta": "@ClassTime",
        "alias": "ClassTime",
        "userDefined": true
      },
      {
        "text": " ",
        "userDefined": false
      },
      {
        "text": "construction",
        "meta": "@Industry",
        "alias": "Industry",
        "userDefined": true
      },
      {
        "text": " courses",
        "userDefined": false
      }
    ],
    "isTemplate": false,
    "count": 0,
    "lang": "en",
    "updated": 0
  },
  {
    "id": "71813f84-8806-4529-bc83-a83dbe353c89",
    "data": [
      {
        "text": "find ",
        "userDefined": false
      },
      {
        "text": "apprenticeships",
        "meta": "@DeliveryLocation",
        "alias": "DeliveryLocation",
        "userDefined": true
      }
    ],
    "isTemplate": false,
    "count": 0,
    "lang": "en",
    "updated": 0
  },
  {
    "id": "2aef5883-7a93-45b2-bb6e-6c3a11214131",
    "data": [
      {
        "text": "starting in ",
        "userDefined": false
      },
      {
        "text": "anyyear",
        "userDefined": true
      }
    ],
    "isTemplate": false,
    "count": 0,
    "lang": "en",
    "updated": 0
  },
  {
    "id": "0bd88576-2ece-45ee-a6ab-a5fb22716187",
    "data": [
      {
        "text": "c",
        "userDefined": false
      }
    ],
    "isTemplate": false,
    "count": 0,
    "lang": "en",
    "updated": 0
  },
  {
    "id": "58d98ab0-bc06-4300-8fd9-996b55cbbe34",
    "data": [
      {
        "text": "do you do ",
        "userDefined": false
      },
      {
        "text": "plumbing",
        "meta": "@Industry",
        "alias": "Industry",
        "userDefined": true
      }
    ],
    "isTemplate": false,
    "count": 0,
    "lang": "en",
    "updated": 0
  },
  {
    "id": "a18a49e3-a85f-43a6-848d-7494b9461618",
    "data": [
      {
        "text": "find ",
        "userDefined": false
      },
      {
        "text": "1 year",
        "userDefined": false
      },
      {
        "text": " ",
        "userDefined": false
      },
      {
        "text": "construction",
        "meta": "@Industry",
        "alias": "Industry",
        "userDefined": false
      },
      {
        "text": " ",
        "userDefined": false
      },
      {
        "text": "apprenticeships",
        "meta": "@DeliveryLocation",
        "alias": "DeliveryLocation",
        "userDefined": false
      }
    ],
    "isTemplate": false,
    "count": 0,
    "lang": "en",
    "updated": 0
  },
  {
    "id": "4ac36866-6c4f-44c5-ad70-253b42637502",
    "data": [
      {
        "text": "at ",
        "userDefined": false
      },
      {
        "text": "anylevel",
        "meta": "@QualificationLevel",
        "alias": "QualificationLevel",
        "userDefined": false
      }
    ],
    "isTemplate": false,
    "count": 1,
    "lang": "en",
    "updated": 0
  },
  {
    "id": "e3f35ad0-1fa4-4a8d-b350-52739bf12e1c",
    "data": [
      {
        "text": "anylevel",
        "meta": "@QualificationLevel",
        "alias": "QualificationLevel",
        "userDefined": true
      },
      {
        "text": " qualification",
        "userDefined": false
      }
    ],
    "isTemplate": false,
    "count": 0,
    "lang": "en",
    "updated": 0
  },
  {
    "id": "bfd658bf-857c-46d7-b797-b8de9a0f8f43",
    "data": [
      {
        "text": "delivered at the ",
        "userDefined": false
      },
      {
        "text": "workplace",
        "meta": "@DeliveryLocation",
        "alias": "DeliveryLocation",
        "userDefined": true
      }
    ],
    "isTemplate": false,
    "count": 0,
    "lang": "en",
    "updated": 0
  },
  {
    "id": "95b5e911-14c0-46c1-9493-0255926311dd",
    "data": [
      {
        "text": "at ",
        "userDefined": false
      },
      {
        "text": "anytime",
        "meta": "@ClassTime",
        "alias": "ClassTime",
        "userDefined": true
      },
      {
        "text": " of day",
        "userDefined": false
      }
    ],
    "isTemplate": false,
    "count": 0,
    "lang": "en",
    "updated": 0
  },
  {
    "id": "8f093402-8023-4b18-a73f-352817ee8055",
    "data": [
      {
        "text": "delivered ",
        "userDefined": false
      },
      {
        "text": "oncampus",
        "meta": "@DeliveryLocation",
        "alias": "DeliveryLocation",
        "userDefined": true
      }
    ],
    "isTemplate": false,
    "count": 0,
    "lang": "en",
    "updated": 0
  },
  {
    "id": "49dbc2de-d67d-4080-b509-c3838d903c72",
    "data": [
      {
        "text": "find ",
        "userDefined": false
      },
      {
        "text": "2 year",
        "userDefined": false
      },
      {
        "text": " ",
        "userDefined": false
      },
      {
        "text": "hair",
        "meta": "@Industry",
        "alias": "Industry",
        "userDefined": false
      },
      {
        "text": " ",
        "userDefined": false
      },
      {
        "text": "apprenticeships",
        "meta": "@DeliveryLocation",
        "alias": "DeliveryLocation",
        "userDefined": false
      }
    ],
    "isTemplate": false,
    "count": 0,
    "lang": "en",
    "updated": 0
  },
  {
    "id": "05c89f9e-6dac-43c1-827a-04397c659b22",
    "data": [
      {
        "text": "do you do ",
        "userDefined": false
      },
      {
        "text": "evening",
        "meta": "@ClassTime",
        "alias": "ClassTime",
        "userDefined": true
      },
      {
        "text": " courses",
        "userDefined": false
      }
    ],
    "isTemplate": false,
    "count": 0,
    "lang": "en",
    "updated": 0
  },
  {
    "id": "9d743031-d2e3-405f-9cd4-36d4ebf0f080",
    "data": [
      {
        "text": "retail",
        "meta": "@Industry",
        "alias": "Industry",
        "userDefined": true
      }
    ],
    "isTemplate": false,
    "count": 0,
    "lang": "en",
    "updated": 0
  },
  {
    "id": "da66ed05-21a8-43e9-87c8-f72da4fa4ab9",
    "data": [
      {
        "text": "hi",
        "userDefined": false
      }
    ],
    "isTemplate": false,
    "count": 0,
    "lang": "en",
    "updated": 0
  },
  {
    "id": "f60fb5a2-7b7c-4993-985e-a865c7cc7607",
    "data": [
      {
        "text": "find ",
        "userDefined": false
      },
      {
        "text": "any",
        "meta": "@Industry",
        "alias": "Industry",
        "userDefined": false
      },
      {
        "text": " ",
        "userDefined": false
      },
      {
        "text": "degree",
        "meta": "@QualificationLevel",
        "alias": "QualificationLevel",
        "userDefined": false
      },
      {
        "text": " ",
        "userDefined": false
      },
      {
        "text": "courses",
        "userDefined": false
      }
    ],
    "isTemplate": false,
    "count": 0,
    "lang": "en",
    "updated": 0
  },
  {
    "id": "6696f4b2-434d-4cf2-a340-330ebf46279d",
    "data": [
      {
        "text": "find ",
        "userDefined": false
      },
      {
        "text": "hair",
        "meta": "@Industry",
        "alias": "Industry",
        "userDefined": true
      },
      {
        "text": " ",
        "userDefined": false
      },
      {
        "text": "campus",
        "meta": "@DeliveryLocation",
        "alias": "DeliveryLocation",
        "userDefined": true
      },
      {
        "text": " delivered ",
        "userDefined": false
      },
      {
        "text": "parttime",
        "meta": "@ClassTime",
        "alias": "ClassTime",
        "userDefined": true
      },
      {
        "text": " level ",
        "userDefined": false
      },
      {
        "text": "2",
        "meta": "@QualificationLevel",
        "alias": "QualificationLevel",
        "userDefined": true
      },
      {
        "text": " ",
        "userDefined": false
      },
      {
        "text": "1",
        "userDefined": true
      },
      {
        "text": " year courses and i want ",
        "userDefined": false
      },
      {
        "text": "noemail",
        "userDefined": true
      }
    ],
    "isTemplate": false,
    "count": 0,
    "lang": "en",
    "updated": 0
  },
  {
    "id": "c2c475df-68de-4819-831a-bb474e000f47",
    "data": [
      {
        "text": "search for ",
        "userDefined": false
      },
      {
        "text": "construction",
        "meta": "@Industry",
        "alias": "Industry",
        "userDefined": true
      },
      {
        "text": " courses",
        "userDefined": false
      }
    ],
    "isTemplate": false,
    "count": 0,
    "lang": "en",
    "updated": 0
  },
  {
    "id": "e90bcb3f-49db-4b80-820c-daf3fb5718b5",
    "data": [
      {
        "text": "find ",
        "userDefined": false
      },
      {
        "text": "1 year",
        "userDefined": false
      },
      {
        "text": " ",
        "userDefined": false
      },
      {
        "text": "construction",
        "meta": "@Industry",
        "alias": "Industry",
        "userDefined": false
      },
      {
        "text": " ",
        "userDefined": false
      },
      {
        "text": "courses",
        "userDefined": false
      }
    ],
    "isTemplate": false,
    "count": 0,
    "lang": "en",
    "updated": 0
  },
  {
    "id": "d72e6de3-b563-46e0-b3bb-70bf4ff72a7f",
    "data": [
      {
        "text": "find ",
        "userDefined": false
      },
      {
        "text": "gcse",
        "meta": "@QualificationLevel",
        "alias": "QualificationLevel",
        "userDefined": true
      },
      {
        "text": "  courses",
        "userDefined": false
      }
    ],
    "isTemplate": false,
    "count": 0,
    "lang": "en",
    "updated": 0
  },
  {
    "id": "2c577a2a-c575-468c-b3ad-19cd4e8528f3",
    "data": [
      {
        "text": "hello",
        "userDefined": false
      }
    ],
    "isTemplate": false,
    "count": 0,
    "lang": "en",
    "updated": 0
  },
  {
    "id": "93e0f820-5c45-4ecc-9811-09d024d9e828",
    "data": [
      {
        "text": "find ",
        "userDefined": false
      },
      {
        "text": "hair",
        "meta": "@Industry",
        "alias": "Industry",
        "userDefined": false
      },
      {
        "text": " ",
        "userDefined": false
      },
      {
        "text": "apprenticeships",
        "meta": "@DeliveryLocation",
        "alias": "DeliveryLocation",
        "userDefined": false
      }
    ],
    "isTemplate": false,
    "count": 0,
    "lang": "en",
    "updated": 0
  },
  {
    "id": "7fe8cf42-6b58-4d70-be84-fccc829b6c30",
    "data": [
      {
        "text": "I want to do a ",
        "userDefined": false
      },
      {
        "text": "plumbing",
        "userDefined": false
      },
      {
        "text": " ",
        "userDefined": false
      },
      {
        "text": "course",
        "userDefined": false
      }
    ],
    "isTemplate": false,
    "count": 0,
    "lang": "en",
    "updated": 0
  },
  {
    "id": "4c475863-01ac-4e21-a1f5-7149494264fe",
    "data": [
      {
        "text": "search for ",
        "userDefined": false
      },
      {
        "text": "evening",
        "meta": "@ClassTime",
        "alias": "ClassTime",
        "userDefined": true
      },
      {
        "text": " courses",
        "userDefined": false
      }
    ],
    "isTemplate": false,
    "count": 0,
    "lang": "en",
    "updated": 0
  },
  {
    "id": "d0fb828b-1b6b-4706-b0bc-6ab7920419f4",
    "data": [
      {
        "text": "find",
        "userDefined": false
      }
    ],
    "isTemplate": false,
    "count": 0,
    "lang": "en",
    "updated": 0
  },
  {
    "id": "dbf0ad81-08df-4450-9d8d-03ea7623304c",
    "data": [
      {
        "text": "do you have ",
        "userDefined": false
      },
      {
        "text": "evening",
        "meta": "@ClassTime",
        "alias": "ClassTime",
        "userDefined": true
      },
      {
        "text": " classes",
        "userDefined": false
      }
    ],
    "isTemplate": false,
    "count": 0,
    "lang": "en",
    "updated": 0
  },
  {
    "id": "fe5bdcd4-c3a3-43b7-9cc3-667f15c66a54",
    "data": [
      {
        "text": "look for ",
        "userDefined": false
      },
      {
        "text": "plumbing",
        "meta": "@Industry",
        "alias": "Industry",
        "userDefined": true
      },
      {
        "text": " courses starting ",
        "userDefined": false
      },
      {
        "text": "next year",
        "userDefined": true
      }
    ],
    "isTemplate": false,
    "count": 0,
    "lang": "en",
    "updated": 0
  },
  {
    "id": "7826cc5f-8d4e-49e5-91c9-6c0b80032502",
    "data": [
      {
        "text": "look for courses on ",
        "userDefined": false
      },
      {
        "text": "hair",
        "meta": "@Industry",
        "alias": "Industry",
        "userDefined": true
      },
      {
        "text": " ",
        "userDefined": false
      },
      {
        "text": "campus",
        "meta": "@DeliveryLocation",
        "alias": "DeliveryLocation",
        "userDefined": true
      },
      {
        "text": " delivered ",
        "userDefined": false
      },
      {
        "text": "parttime",
        "meta": "@ClassTime",
        "alias": "ClassTime",
        "userDefined": true
      },
      {
        "text": " level ",
        "userDefined": false
      },
      {
        "text": "2",
        "meta": "@QualificationLevel",
        "alias": "QualificationLevel",
        "userDefined": true
      },
      {
        "text": " ",
        "userDefined": false
      },
      {
        "text": "1",
        "userDefined": true
      },
      {
        "text": " year courses and email to ",
        "userDefined": false
      },
      {
        "text": "pdscwork",
        "userDefined": true
      },
      {
        "text": "@gmail.com",
        "userDefined": false
      }
    ],
    "isTemplate": false,
    "count": 0,
    "lang": "en",
    "updated": 0
  },
  {
    "id": "3f3071ee-59a0-4e8c-85a6-b951401a063f",
    "data": [
      {
        "text": "send email to ",
        "userDefined": false
      },
      {
        "text": "pdscwork@gmail.com",
        "userDefined": true
      }
    ],
    "isTemplate": false,
    "count": 0,
    "lang": "en",
    "updated": 0
  },
  {
    "id": "d69c2072-0e5e-44bc-b8ad-5285ee233900",
    "data": [
      {
        "text": "find ",
        "userDefined": false
      },
      {
        "text": "evening",
        "meta": "@ClassTime",
        "alias": "ClassTime",
        "userDefined": true
      },
      {
        "text": " courses ",
        "userDefined": false
      },
      {
        "text": "this year",
        "userDefined": true
      }
    ],
    "isTemplate": false,
    "count": 0,
    "lang": "en",
    "updated": 0
  },
  {
    "id": "bf250019-abc7-4023-ad4e-5fd2b2a697e0",
    "data": [
      {
        "text": "find ",
        "userDefined": false
      },
      {
        "text": "part time",
        "meta": "@ClassTime",
        "alias": "ClassTime",
        "userDefined": false
      },
      {
        "text": " ",
        "userDefined": false
      },
      {
        "text": "hair",
        "meta": "@Industry",
        "alias": "Industry",
        "userDefined": false
      },
      {
        "text": " ",
        "userDefined": false
      },
      {
        "text": "courses",
        "userDefined": false
      }
    ],
    "isTemplate": false,
    "count": 0,
    "lang": "en",
    "updated": 0
  },
  {
    "id": "2a341c19-5f1b-444d-87de-56cfedf8c8b0",
    "data": [
      {
        "text": "i want to do an ",
        "userDefined": false
      },
      {
        "text": "evening",
        "meta": "@ClassTime",
        "alias": "ClassTime",
        "userDefined": false
      },
      {
        "text": " ",
        "userDefined": false
      },
      {
        "text": "course",
        "userDefined": false
      }
    ],
    "isTemplate": false,
    "count": 0,
    "lang": "en",
    "updated": 0
  },
  {
    "id": "4e9ce873-c918-4c8a-891d-1b71c65c4c58",
    "data": [
      {
        "text": "results to  ",
        "userDefined": false
      },
      {
        "text": "pdscwork@gmail.com",
        "userDefined": true
      }
    ],
    "isTemplate": false,
    "count": 0,
    "lang": "en",
    "updated": 0
  },
  {
    "id": "964db233-fefa-469b-b592-89336b1a0a16",
    "data": [
      {
        "text": "find ",
        "userDefined": false
      },
      {
        "text": "degree",
        "meta": "@QualificationLevel",
        "alias": "QualificationLevel",
        "userDefined": true
      },
      {
        "text": " courses",
        "userDefined": false
      }
    ],
    "isTemplate": false,
    "count": 0,
    "lang": "en",
    "updated": 0
  }
]