[
  {
    "id": "2eb0fdb6-b845-4631-a847-c9baae114d44",
    "data": [
      {
        "text": "what times are the ",
        "userDefined": false
      },
      {
        "text": "courses",
        "meta": "@Industry",
        "alias": "Industry",
        "userDefined": false
      }
    ],
    "isTemplate": false,
    "count": 0,
    "lang": "en",
    "updated": 0
  },
  {
    "id": "b151a9e6-3304-4057-a4c1-4c9cb3bd4d01",
    "data": [
      {
        "text": "what times are the classes",
        "userDefined": false
      }
    ],
    "isTemplate": false,
    "count": 0,
    "lang": "en",
    "updated": 0
  },
  {
    "id": "506321bc-d623-48c8-a7a7-54e532360def",
    "data": [
      {
        "text": "what times of day are the ",
        "userDefined": false
      },
      {
        "text": "courses",
        "userDefined": false
      }
    ],
    "isTemplate": false,
    "count": 0,
    "lang": "en",
    "updated": 0
  },
  {
    "id": "6c4c60c3-dd7e-446e-878d-5bc656e6926d",
    "data": [
      {
        "text": "what time of day is the ",
        "userDefined": false
      },
      {
        "text": "course",
        "userDefined": false
      }
    ],
    "isTemplate": false,
    "count": 0,
    "lang": "en",
    "updated": 0
  },
  {
    "id": "ad9ee20a-878b-491a-b250-ad7a2591c07c",
    "data": [
      {
        "text": "what times are available",
        "userDefined": false
      }
    ],
    "isTemplate": false,
    "count": 0,
    "lang": "en",
    "updated": 0
  },
  {
    "id": "c81ca980-2cbb-47b0-9218-2365f1a27a34",
    "data": [
      {
        "text": "what times do you do",
        "userDefined": false
      }
    ],
    "isTemplate": false,
    "count": 0,
    "lang": "en",
    "updated": 0
  },
  {
    "id": "28ff099b-e590-482c-844a-d0bb41c1d518",
    "data": [
      {
        "text": "what times are there",
        "userDefined": false
      }
    ],
    "isTemplate": false,
    "count": 0,
    "lang": "en",
    "updated": 0
  },
  {
    "id": "b330472f-9a27-43ac-b5cb-cb8904e1fced",
    "data": [
      {
        "text": "what are the class times",
        "userDefined": false
      }
    ],
    "isTemplate": false,
    "count": 0,
    "lang": "en",
    "updated": 0
  }
]